{
	"credit": "Made with Blockbench",
	"textures": {
		"0": "furenikusroads:block/paints/arrow_line_0",
		"particle": "furenikusroads:block/paints/arrow_line_0"
	},
	"elements": [
		{
			"from": [0, -15, 0],
			"to": [16, -14.5, 16],
			"faces": {
				"north": {"uv": [0, 0, 16, 0.5], "texture": "#0"},
				"east": {"uv": [13, 0, 16, 1.5], "texture": "#0"},
				"south": {"uv": [0, 0, 16, 0.5], "texture": "#0"},
				"west": {"uv": [12.5, 0, 16, 2.5], "texture": "#0"},
				"up": {"uv": [0, 0, 16, 16], "texture": "#0"},
				"down": {"uv": [0, 0, 16, 16], "texture": "#0"}
			}
		}
	]
}