{
	"credit": "Made with Blockbench",
	"textures": {
		"1": "furenikusroads:block/paints/arrow_line_1"
	},
	"elements": [
		{
			"from": [0, -15, 0],
			"to": [16, -14.5, 16],
			"rotation": {"angle": 0, "axis": "y", "origin": [0, 15, 0]},
			"faces": {
				"north": {"uv": [0, 0, 16, 0.5], "texture": "#1"},
				"east": {"uv": [0, 0, 0.5, 16], "rotation": 270, "texture": "#1"},
				"south": {"uv": [0, 0, 16, 0.5], "texture": "#1"},
				"west": {"uv": [11.5, 0, 12, 16], "texture": "#1"},
				"up": {"uv": [0, 0, 16, 16], "rotation": 180, "texture": "#1"},
				"down": {"uv": [16, 0, 0, 16], "texture": "#1"}
			}
		}
	]
}