{
	"credit": "Made with Blockbench",
	"ambientocclusion": false,
	"textures": {
		"3": "furenikusroads:block/paints/arrow_0"
	},
	"elements": [
		{
			"from": [0, -12, 0],
			"to": [16, -11.5, 16],
			"faces": {
				"north": {"uv": [0, 0, 16, 0.5], "texture": "#3"},
				"east": {"uv": [0, 0, 4, 1.5], "texture": "#3"},
				"south": {"uv": [0, 15.5, 16, 16], "texture": "#3"},
				"west": {"uv": [0, 0, 4, 1], "texture": "#3"},
				"up": {"uv": [0, 0, 16, 16], "texture": "#3"},
				"down": {"uv": [0, 0, 16, 16], "rotation": 180, "texture": "#3"}
			}
		}
	],
	"display": {
		"thirdperson_righthand": {
			"translation": [0, 6.25, 0],
			"scale": [0.6, 0.6, 0.6]
		},
		"thirdperson_lefthand": {
			"translation": [3.25, 10, 0],
			"scale": [0.625, 0.625, 0.625]
		},
		"firstperson_righthand": {
			"rotation": [30, 45, 0],
			"translation": [2.25, 6, 0.75],
			"scale": [0.625, 0.625, 0.625]
		}
	}
}