{
	"credit": "Made with Blockbench",
	"ambientocclusion": false,
	"textures": {
		"16": "furenikusroads:block/paints/paint_letter_o"
	},
	"elements": [
		{
			"from": [0, -7, 0],
			"to": [16, -6.5, 16],
			"rotation": {"angle": 0, "axis": "y", "origin": [16, 106, 16]},
			"faces": {
				"north": {"uv": [0, 0, 16, 0.5], "texture": "#16"},
				"east": {"uv": [0, 0, 0.5, 16], "rotation": 270, "texture": "#16"},
				"south": {"uv": [0, 15.5, 16, 16], "rotation": 180, "texture": "#16"},
				"west": {"uv": [15.5, 0, 16, 16], "rotation": 90, "texture": "#16"},
				"up": {"uv": [0, 0, 16, 16], "rotation": 180, "texture": "#16"},
				"down": {"uv": [16, 0, 0, 16], "texture": "#16"}
			}
		}
	],
	"display": {
		"thirdperson_righthand": {
			"translation": [0, 6.25, 0],
			"scale": [0.6, 0.6, 0.6]
		},
		"thirdperson_lefthand": {
			"translation": [3.25, 10, 0],
			"scale": [0.625, 0.625, 0.625]
		},
		"firstperson_righthand": {
			"rotation": [30, 45, 0],
			"translation": [2.25, 6, 0.75],
			"scale": [0.625, 0.625, 0.625]
		}
	}
}